[
  {
    "id": "7acd51f5-ce4f-4756-9973-37338df4e821",
    "data": [
      {
        "text": "Gostaria de saber o preço do curso @curso:curso",
        "userDefined": false
      }
    ],
    "isTemplate": true,
    "count": 0,
    "updated": 1510836110
  },
  {
    "id": "f9d1f57f-bea0-4a74-86d8-026754812d9e",
    "data": [
      {
        "text": "Qual o preço do curso de ",
        "userDefined": false
      },
      {
        "text": "Machine Learning",
        "alias": "curso",
        "meta": "@curso",
        "userDefined": false
      },
      {
        "text": "?",
        "userDefined": false
      }
    ],
    "isTemplate": false,
    "count": 1,
    "updated": 1510836110
  },
  {
    "id": "201e74a6-607d-44a4-a91d-b96adf23144c",
    "data": [
      {
        "text": "Quanto custa o curso de ",
        "userDefined": false
      },
      {
        "text": "R",
        "alias": "curso",
        "meta": "@curso",
        "userDefined": false
      },
      {
        "text": "?",
        "userDefined": false
      }
    ],
    "isTemplate": false,
    "count": 0,
    "updated": 1510836110
  },
  {
    "id": "1eea49ca-2681-4959-beb3-dcf027d78592",
    "data": [
      {
        "text": "Qual o valor do curso?",
        "userDefined": false
      }
    ],
    "isTemplate": false,
    "count": 1
  },
  {
    "id": "67ab327f-28dd-4f82-8607-120866918ebf",
    "data": [
      {
        "text": "Qual o valor do curso de ",
        "userDefined": false
      },
      {
        "text": "Python",
        "alias": "curso",
        "meta": "@curso",
        "userDefined": false
      },
      {
        "text": "?",
        "userDefined": false
      }
    ],
    "isTemplate": false,
    "count": 0,
    "updated": 1510836110
  }
]