[
  {
    "id": "792daec0-4104-4e7a-9e35-dc5f78671ab9",
    "data": [
      {
        "text": "Olá",
        "userDefined": false
      }
    ],
    "isTemplate": false,
    "count": 0
  },
  {
    "id": "5e505351-b830-4ec1-83b3-d75cfa57a992",
    "data": [
      {
        "text": "Tudo bem?",
        "userDefined": false
      }
    ],
    "isTemplate": false,
    "count": 0
  },
  {
    "id": "2dbf61c3-ee6f-410b-aa65-6e28d68ab3d4",
    "data": [
      {
        "text": "Oi",
        "userDefined": false
      }
    ],
    "isTemplate": false,
    "count": 0
  },
  {
    "id": "3f6999a4-c4a0-4531-8c6d-ccf7e78d23a2",
    "data": [
      {
        "text": "Como vai?",
        "userDefined": false
      }
    ],
    "isTemplate": false,
    "count": 0
  }
]