[
  {
    "id": "8c03f9c8-533e-4d5c-ab97-a954bbae5fbf",
    "data": [
      {
        "text": "Qual é o log na base @numero:base de @numero:n1 @operacao:operacao por @numero:n2?",
        "userDefined": false
      }
    ],
    "isTemplate": true,
    "count": 1
  },
  {
    "id": "14316e20-345a-4b48-abb7-2741f481fb26",
    "data": [
      {
        "text": "Quanto é o log na base ",
        "userDefined": false
      },
      {
        "text": "5",
        "alias": "base",
        "meta": "@numero",
        "userDefined": false
      },
      {
        "text": " de ",
        "userDefined": false
      },
      {
        "text": "2",
        "alias": "n1",
        "meta": "@numero",
        "userDefined": false
      },
      {
        "text": " ",
        "userDefined": false
      },
      {
        "text": "dividido",
        "alias": "operacao",
        "meta": "@operacao",
        "userDefined": false
      },
      {
        "text": " por ",
        "userDefined": false
      },
      {
        "text": "3",
        "alias": "n2",
        "meta": "@numero",
        "userDefined": false
      },
      {
        "text": "?",
        "userDefined": false
      }
    ],
    "isTemplate": false,
    "count": 0
  }
]