[
  {
    "id": "0e365f5a-8322-40ba-a3a7-d92e0917fdbf",
    "data": [
      {
        "text": "Não, por favor",
        "userDefined": false
      }
    ],
    "isTemplate": false,
    "count": 0,
    "updated": 1511463896
  },
  {
    "id": "d18f0957-8696-4a22-b86b-a92e3db4e02a",
    "data": [
      {
        "text": "Não, obrigado",
        "userDefined": false
      }
    ],
    "isTemplate": false,
    "count": 0,
    "updated": 1511463896
  },
  {
    "id": "e563b2a3-8120-4b4a-8a5e-1ca57e3507f5",
    "data": [
      {
        "text": "Não",
        "userDefined": false
      }
    ],
    "isTemplate": false,
    "count": 0,
    "updated": 1511463896
  }
]