[
  {
    "id": "f8c91d72-d496-4533-8375-010828c43334",
    "data": [
      {
        "text": "Por gentileza, gostaria de fazer ",
        "userDefined": false
      },
      {
        "text": "um",
        "meta": "@sys.ignore",
        "userDefined": false
      },
      {
        "text": " pedido",
        "userDefined": false
      }
    ],
    "isTemplate": false,
    "count": 0,
    "updated": 1511458705
  },
  {
    "id": "5b5542f9-dfc3-4b5e-b219-abfb2d22be9e",
    "data": [
      {
        "text": "Um",
        "meta": "@sys.ignore",
        "userDefined": false
      },
      {
        "text": " sanduiche, por favor",
        "userDefined": false
      }
    ],
    "isTemplate": false,
    "count": 0,
    "updated": 1511458705
  },
  {
    "id": "a3e4b428-8fef-4934-ac45-861be06fab4e",
    "data": [
      {
        "text": "Gostaria de pedir ",
        "userDefined": false
      },
      {
        "text": "um",
        "meta": "@sys.ignore",
        "userDefined": false
      },
      {
        "text": " lanche",
        "userDefined": false
      }
    ],
    "isTemplate": false,
    "count": 0,
    "updated": 1511458705
  }
]