[
  {
    "id": "9e6d0e8f-0c98-4bc5-8d0f-21658502e93a",
    "data": [
      {
        "text": "Sim, por favor.",
        "userDefined": false
      }
    ],
    "isTemplate": false,
    "count": 0,
    "updated": 1511463822
  },
  {
    "id": "1f393f4d-73c3-4136-bb17-459ffca02da9",
    "data": [
      {
        "text": "S",
        "userDefined": false
      }
    ],
    "isTemplate": false,
    "count": 0,
    "updated": 1511463822
  },
  {
    "id": "dc9f8053-1a3c-4a1a-8c23-72943a40890c",
    "data": [
      {
        "text": "Sim",
        "userDefined": false
      }
    ],
    "isTemplate": false,
    "count": 0,
    "updated": 1511463822
  },
  {
    "id": "33d895d0-f34f-45b6-8198-b4df594a9638",
    "data": [
      {
        "text": "Yes",
        "userDefined": false
      }
    ],
    "isTemplate": false,
    "count": 0,
    "updated": 1511463822
  }
]