[
  {
    "id": "cda799cf-288c-4566-ada3-1b0db82a1ec2",
    "data": [
      {
        "text": "quantos graus está em ",
        "userDefined": false
      },
      {
        "text": "Vênus",
        "alias": "planeta",
        "meta": "@planeta",
        "userDefined": false
      },
      {
        "text": "?",
        "userDefined": false
      }
    ],
    "isTemplate": false,
    "count": 0
  },
  {
    "id": "2341237d-490c-4203-9d65-76e19a65f0c9",
    "data": [
      {
        "text": "Qual é a temperatura em ",
        "userDefined": false
      },
      {
        "text": "Marte",
        "alias": "planeta",
        "meta": "@planeta",
        "userDefined": false
      },
      {
        "text": "?",
        "userDefined": false
      }
    ],
    "isTemplate": false,
    "count": 0
  }
]