[
  {
    "id": "215aa9d2-423e-4b47-a71c-f09e071d16c2",
    "data": [
      {
        "text": "Informe seu email, por favor.",
        "userDefined": false
      }
    ],
    "isTemplate": false,
    "count": 0,
    "updated": 1510684009
  },
  {
    "id": "21d96012-2def-4d3c-a2ac-f7e04bcb6587",
    "data": [
      {
        "text": "Qual seu email?",
        "userDefined": false
      }
    ],
    "isTemplate": false,
    "count": 0,
    "updated": 1510684009
  },
  {
    "id": "60f18bf4-608f-46ad-affd-ca8309953ded",
    "data": [
      {
        "text": "seu email?",
        "userDefined": false
      }
    ],
    "isTemplate": false,
    "count": 0,
    "updated": 1510684009
  }
]