[
  {
    "value": "tangerina",
    "synonyms": [
      "tangerina",
      "mexerica",
      "mixa"
    ]
  },
  {
    "value": "uva",
    "synonyms": [
      "uva"
    ]
  },
  {
    "value": "abacaxi",
    "synonyms": [
      "abacaxi"
    ]
  },
  {
    "value": "goiaba",
    "synonyms": [
      "goiaba"
    ]
  },
  {
    "value": "manga",
    "synonyms": [
      "manga"
    ]
  },
  {
    "value": "melão",
    "synonyms": [
      "melão"
    ]
  },
  {
    "value": "laranja",
    "synonyms": [
      "laranja"
    ]
  }
]