[
  {
    "value": "0",
    "synonyms": [
      "0",
      "zero"
    ]
  },
  {
    "value": "1",
    "synonyms": [
      "1",
      "um"
    ]
  },
  {
    "value": "2",
    "synonyms": [
      "2",
      "dois"
    ]
  },
  {
    "value": "3",
    "synonyms": [
      "3",
      "três"
    ]
  },
  {
    "value": "4",
    "synonyms": [
      "4",
      "quatro"
    ]
  },
  {
    "value": "5",
    "synonyms": [
      "5",
      "cinco"
    ]
  },
  {
    "value": "6",
    "synonyms": [
      "6",
      "seis"
    ]
  },
  {
    "value": "7",
    "synonyms": [
      "7",
      "sete"
    ]
  },
  {
    "value": "8",
    "synonyms": [
      "8",
      "oito"
    ]
  },
  {
    "value": "9",
    "synonyms": [
      "9",
      "nove"
    ]
  },
  {
    "value": "10",
    "synonyms": [
      "10",
      "dez"
    ]
  }
]